{

    "metadata" :
    {
        "formatVersion" : 3.1,
        "sourceFile"    : "pieceComponentCube.obj",
        "generatedBy"   : "OBJConverter",
        "vertices"      : 8,
        "faces"         : 12,
        "normals"       : 6,
        "colors"        : 0,
        "uvs"           : 0,
        "materials"     : 0
    },

    "scale" : 1.000000,

    "materials": [	{
	"DbgColor" : 15658734,
	"DbgIndex" : 0,
	"DbgName" : "default"
	}],

    "vertices": [0.000000,0.000000,0.000000,-1.000000,0.000000,0.000000,-1.000000,1.000000,0.000000,0.000000,1.000000,0.000000,0.000000,0.000000,1.000000,-1.000000,0.000000,1.000000,-1.000000,1.000000,1.000000,0.000000,1.000000,1.000000],

    "morphTargets": [],

    "morphColors": [],

    "normals": [0,-1,0,-1,0,0,0,1,0,1,0,0,0,0,-1,0,0,1],

    "colors": [],

    "uvs": [[]],

    "faces": [34,5,1,0,0,0,0,0,34,6,2,1,0,1,1,1,34,7,3,2,0,2,2,2,34,4,0,3,0,3,3,3,34,1,2,3,0,4,4,4,34,6,5,4,0,5,5,5,34,4,5,0,0,0,0,0,34,5,6,1,0,1,1,1,34,6,7,2,0,2,2,2,34,7,4,3,0,3,3,3,34,0,1,3,0,4,4,4,34,7,6,4,0,5,5,5]

}
